{
    "loss": 0.4888475239276886,
    "accuracy": 0.8965517282485962
}