{
    "loss": 0.5827226042747498,
    "accuracy": 0.9482758641242981
}